Amino_Acid,Frequency (%)
L,11.980738627009822
S,9.331613894528893
F,6.491796081874554
I,6.43829226801295
K,6.143335345442572
V,5.6425945234044885
G,5.3298029962135764
T,5.206332656532952
R,4.9209789826044
P,4.7920210722713055
A,4.16643801788948
N,4.159578554573891
E,3.8358118860780333
Q,3.819349174120617
C,3.8111178181419083
Y,3.647862591230862
H,3.50930143225594
D,2.448828403665697
M,2.3226142786588375
W,2.001591395489217
